endereco,fim,tamanho,n_insn,chamadores,chama,strings,perifericos,globais_ram,papel_inferido
0x080000C0,0x080000C8,0x8,3,,0x08000EB8,,,0x20001DC0,startup: seta SP=0x20001DC0 e chama __main (scatterload)
0x080000C8,0x080000D4,0xC,6,0x08000ED0,,,,,
0x080000D4,0x080000E6,0x12,9,,,,,,Reset_Handler (vetor[1]): salta para __main/main
0x080000E6,0x080000F0,0xA,4,,,,,,Default_Handler: loop infinito (b .)
0x080000F0,0x0800011C,0x2C,22,0x08000132 0x08001356 0x08001DA0 0x08001DB8 0x08001E7A 0x08001EEE 0x08002552 0x0800307E,,,,,
0x0800011C,0x08000144,0x28,19,0x08001E0C 0x0800212E 0x0800216C 0x080021AA 0x080074AE 0x08012FC2,0x080000F0,,,,utilitario de conversao (div/mod)
0x08000144,0x080001A4,0x60,45,0x08007556 0x080078C2 0x0800F4DC 0x0800FA14 0x0800FDDE,0x08000B4C 0x08000B2C,,,,utilitario aritmetico (divisao)
0x080001A4,0x0800021E,0x7A,59,0x080136B8 0x080136E0 0x0801370A,0x08000B2C,,,,
0x0800021E,0x08000242,0x24,18,0x080025F6 0x0800266E 0x080026A6 0x0800777C,,,,,
0x08000242,0x08000250,0xE,7,0x0800025E,,,,,
0x08000250,0x08000254,0x4,2,0x0800171C 0x08001758 0x080029E0 0x08003B66 0x08003BE6 0x08003C66 0x08003CE4 0x08003D20,,,,,memset simples
0x08000254,0x08000266,0x12,8,,0x08000242,,,,
0x08000266,0x08000274,0xE,7,0x08011168 0x08011200 0x0801177A 0x08011E4C 0x08011E8E 0x08011E9E 0x0801356A,,,,,
0x08000274,0x08000290,0x1C,14,0x08012BE8 0x08012BF4 0x08012C00 0x08012C0C 0x08012C18 0x08012C24 0x08012C3E 0x08012C4A,,,,,conversao de string (atoi/strtoul)
0x08000290,0x080002AE,0x1E,15,0x08012B68,,,,,strncmp (comparacao de nome de comando AT)
0x080002AE,0x080002C4,0x16,11,0x08008686 0x0800869C 0x08008DA6 0x0800902C,,,,,
0x080002C4,0x08000300,0x3C,29,0x08011E84,0x08000BC0,,,,
0x08000300,0x0800044A,0x14A,164,0x0800114C,0x08000B94,,,,
0x0800044A,0x08000464,0x1A,11,0x08013490,0x0800F8F8 0x08000C24,,,,
0x08000464,0x08000506,0xA2,79,,0x08000CA4 0x08000C94,,,,
0x08000506,0x0800050E,0x8,4,0x0800C14C,,,,,
0x0800050E,0x08000516,0x8,4,0x0800C146,,,,,
0x08000516,0x08000590,0x7A,61,0x080035C8 0x0800E252 0x0800E264 0x0800E2D0 0x0800E2E2 0x0800E2F2 0x0800E328 0x0800E33A,,,,,float: multiplicacao (__aeabi_fmul)
0x08000590,0x0800060C,0x7C,61,0x08003F7A,0x08000C94,,,,
0x0800060C,0x08000754,0x148,160,0x0800C05E 0x0800C9C8 0x0800C9D0 0x0800C9D8 0x0800C9E8 0x0800CA5A 0x0800CADC 0x0800CAEC,0x08000B2C 0x08000B6E 0x08000D30 0x08000D16,,,,
0x08000754,0x08000760,0xC,6,0x0800C0AE 0x0800C0B6 0x0800C6C0 0x0800C794 0x08013078 0x080130B4 0x080137F8,,,,,
0x08000760,0x08000770,0x10,8,0x08011B44 0x080121D0,,,,,
0x08000770,0x08000840,0xD0,103,0x08002AEC 0x0800C056 0x0800C090 0x0800C0EA 0x0800C6B0 0x0800C784 0x0800C9FE 0x0800CA66,0x08000D30,,,,
0x08000840,0x08000930,0xF0,119,0x08001B38 0x08001E24 0x08001EBE 0x080021CE 0x080021EA 0x08002206 0x08008660 0x0800C066,0x08000D16,,,,
0x08000930,0x0800095C,0x2C,22,0x08002AFA 0x0800C098 0x0800C0A6 0x0800C6B8 0x0800C78C 0x0800C9EE 0x0800DA4E 0x08013A30,,,,,
0x0800095C,0x08000972,0x16,10,0x08001E10 0x08002132 0x08002170 0x080021AE 0x08003F74,0x08000CA4,,,,
0x08000972,0x08000980,0xE,6,0x080032D6 0x0800B02A 0x0800C140 0x08011AB0,0x08000CA4,,,,
0x08000980,0x080009A8,0x28,19,0x08002AE4 0x08002AF2 0x0800C04E 0x0800C0DA 0x0800CA2C 0x08010596,0x08000D30,,,,
0x080009A8,0x080009C4,0x1C,13,0x08001B30 0x08001EB6 0x08008658 0x0800C042 0x0800C07E 0x0800C088 0x0800C0CE 0x0800C6A8,0x08000D30,,,,
0x080009C4,0x080009F6,0x32,25,0x08003F7E 0x0800E256 0x0800E268 0x0800E272 0x0800E27E 0x0800E2D4 0x0800E2E6 0x0800E2F6,,,,,float->int (__aeabi_f2iz)
0x080009F6,0x08000A20,0x2A,21,0x08001CFC 0x080035CC,,,,,
0x08000A20,0x08000A68,0x48,35,0x0800C0BE 0x0800C158,0x08000B4C,,,,
0x08000A68,0x08000AA4,0x3C,29,0x0800C06E 0x0800CB04 0x0800DA6C 0x0800DA7E 0x0800DDE4 0x0800DE0C 0x08011AA6 0x08013A3C,0x08000B4C,,,,
0x08000AA4,0x08000ACC,0x28,20,0x08001C24 0x08001C90 0x08001C9A 0x08001CCE 0x08001CD8 0x08001D2E 0x08001D62 0x08001E1C,,,,,
0x08000ACC,0x08000AF4,0x28,20,0x0800CAC8 0x0800F9EA 0x08011AE6 0x08011B18 0x08011B4C 0x08012172 0x080121A4 0x080121D8,,,,,
0x08000AF4,0x08000B2C,0x38,27,0x08002AFE 0x08008664 0x0800C6C4 0x0800C798 0x08011A24 0x080137FC 0x08013820,0x08000C94,,,,
0x08000B2C,0x08000B4C,0x20,16,0x08000174 0x08000186 0x080001EA 0x080001FE 0x0800067E 0x08000D52 0x08000D84 0x08000E24,,,,,
0x08000B4C,0x08000B6E,0x22,17,0x08000160 0x08000A4A 0x08000A8C 0x08000D76 0x08000E32 0x08000E76,,,,,
0x08000B6E,0x08000B94,0x26,19,0x0800068A,,,,,
0x08000B94,0x08000BC0,0x2C,22,0x080003E4 0x080012A0,,,,,
0x08000BC0,0x08000C24,0x64,49,0x080002EA,0x08000EF8,,,,
0x08000C24,0x08000C94,0x70,52,0x0800045C,0x08000EDC 0x08001230 0x0800F8F8,,,,
0x08000C94,0x08000CA4,0x10,8,0x080004F6 0x08000606 0x08000B26,,,,,
0x08000CA4,0x08000D16,0x72,57,0x080004C6 0x0800096C 0x0800097A,,,,,
0x08000D16,0x08000D30,0x1A,13,0x08000732 0x08000924 0x08000DCE 0x08000E3A,,,,,
0x08000D30,0x08000DD4,0xA4,76,0x080006D0 0x08000834 0x0800099A 0x080009B8,0x0800F880 0x08000B2C 0x08000B4C 0x08000D16,,,,
0x08000DD4,0x08000E50,0x7C,58,0x08013068,0x08000B2C 0x08000B4C 0x08000D16,,,,
0x08000E50,0x08000E90,0x40,30,0x0800FA04,0x08000B4C 0x08000B2C,,,,
0x08000E90,0x08000EB8,0x28,0,0x0801308C 0x080130A6,,,,,
0x08000EB8,0x08000EDC,0x24,17,0x080000C4,0x080000C8,,,,
0x08000EDC,0x08000EF8,0x1C,13,0x08000C34 0x08000EE8,0x08000EDC,,,,
0x08000EF8,0x08001230,0x338,410,0x08000BD2,0x08000300 0x07FF322E,,,,
0x08001230,0x080012D6,0xA6,81,0x08000C50,0x08000B94 0x0800F8F8,,,,
0x080012D6,0x0800132C,0x56,43,,,,,,
0x0800132C,0x0800134C,0x20,15,0x08001DFC 0x0800211E 0x0800215C 0x0800219A 0x0800F6CA,0x08001370,,,,
0x0800134C,0x08001370,0x24,17,0x080013D4 0x0800408E,0x080000F0,,,0x2000007C,
0x08001370,0x080013A8,0x38,28,0x08001332,,,,,
0x080013A8,0x0800140C,0x64,47,0x0800437C,0x0800134C 0x08004BBC,,,,
0x0800140C,0x08001548,0x13C,153,0x08008D9E 0x08009024,0x08012898 0x080101E2 0x08012868,,,,
0x08001548,0x08001568,0x20,14,0x08008D78 0x08009008,0x08012898,,,,
0x08001568,0x08001578,0x10,7,0x08008D80 0x08009010,0x08010238,,,,
0x08001578,0x08001638,0xC0,90,0x08008D8A 0x08008D94 0x0800901A,0x08012868 0x080101E2,,,,
0x08001638,0x080016D0,0x98,75,0x0800971A 0x0800AE46 0x0800B03A,0x0800F8DE,,,0x200001D8 0x20001312,
0x080016D0,0x08001714,0x44,31,0x080018C4,0x08004C18 0x080039B4 0x08004BC8,,I2C1+0x0,0x20000560,
0x08001714,0x08001750,0x3C,28,0x080019A4,0x08000250 0x08004A20,,GPIOB+0x0 RCC+0x0,,
0x08001750,0x0800179C,0x4C,35,0x08001DD2 0x080020FE,0x08000250 0x08004A20 0x08004BAE,,GPIOB+0x0 RCC+0x0,,
0x0800179C,0x08001B10,0x374,391,0x08007538,0x08012F3C 0x0800231C 0x0800EE60 0x0800EE6C 0x08004DE4 0x0800F06C 0x080051A8 0x08002360 0x08007B14 0x08011A50 0x08007AC0 0x08004BAE,\n\rUse Sensor is STH2x\r\n | \n\rUse Sensor is STH3x\r\n | \n\rUse Sensor is BH1750\r\n | \n\rNo I2C device detected\r\n,GPIOB+0x0,0x2000014B 0x20000084 0x20000478 0x200004C4 0x20000560 0x2000014D 0x2000014E 0x2000014C,
0x08001B10,0x0800231C,0x80C,909,0x0800E1F0 0x08011722,0x08007400 0x0800F06C 0x080009A8 0x08000840 0x08004BA4 0x080080EC 0x08002A60 0x08000AA4 0x080051D8 0x0800C6FC 0x0800C628 0x080137B4,Bat:%.3f V\r\n | PB14_status:%d\r\n | PB14_count1:%u\r\n | PB15_status:%d\r\n,GPIOB+0x0,0x2000014B 0x200000C2 0x200000D4 0x200000D8 0x20000084 0x20000478 0x200004C4 0x20000038,
0x0800231C,0x08002360,0x44,31,0x080017DC,0x08004C18 0x080039B4 0x08004BC8,,I2C1+0x0,0x20000478,
0x08002360,0x080023A4,0x44,31,0x08001830,0x08004C18 0x080039B4 0x08004BC8,,I2C1+0x0,0x200004C4,
0x080023A4,0x0800242C,0x88,60,0x08011EF0,0x08013940 0x080138EC 0x08006F14 0x08004852 0x08007058,,,0x20000119 0x20000A0C 0x2000013C 0x20000BBB,
0x0800242C,0x08002444,0x18,11,0x0801246E,0x08013B2C,,,0x2000013C,init do app antes do loop (UART/console)
0x08002444,0x08002498,0x54,40,0x080124D6,0x08012B30 0x08011F5C,,,0x2000013C 0x20000BBB,tick do loop: poll UART/AT + despacho do parser
0x08002498,0x080024D8,0x40,30,0x0800E0B0,0x0800EE6C 0x0800BF18,,,0x200001D8,
0x080024D8,0x080026D4,0x1FC,250,0x0800F096,0x080000F0 0x0800021E,,,,
0x080026D4,0x080026FC,0x28,20,0x0800F05E,,,,,
0x080026FC,0x080027CC,0xD0,104,0x0800F100,,,,,
0x080027CC,0x08002870,0xA4,82,0x0800F0B0 0x0800F108,,,,,
0x08002870,0x08002944,0xD4,102,0x0800BA6C,0x08012090 0x08012FB4,,,0x200001C4 0x200010D0,
0x08002944,0x080029D8,0x94,73,0x0800BA16,0x0800C34E,,,,
0x080029D8,0x08002A38,0x60,43,0x08012466,0x08000250 0x08004A20 0x080043B4 0x080043D4 0x080043C4,,RCC+0x0,,
0x08002A38,0x08002A40,0x8,3,,0x08013A70,,,,
0x08002A40,0x08002A60,0x20,16,0x08004822,,,,,
0x08002A60,0x08002B50,0xF0,104,0x08001B80 0x08001D1A 0x08001D4E,0x08002B50 0x08002B6C 0x08002EF8 0x08002F10 0x08004852 0x08002E64 0x0801203E 0x08000980 0x08000770 0x08000930 0x08000AF4,,,,"driver DS18B20 (OneWire bit-bang, presenca/codigo/temperatura)"
0x08002B50,0x08002B6C,0x1C,12,0x08002A6C,0x08002E84 0x08002CC4,,,,OneWire: escuta/reset pulse
0x08002B6C,0x08002BE0,0x74,57,0x08002A86 0x08002B18 0x08002B20,0x08004A20,,GPIOB+0x0 RCC+0x0,,OneWire/GPIO: primitiva de baixo nivel (pin)
0x08002BE0,0x08002C54,0x74,57,0x08002CDC 0x08002D2C 0x08002D78 0x08002DFA 0x08002E52,0x08004A20,,GPIOB+0x0 RCC+0x0,,OneWire/GPIO: primitiva de baixo nivel (pin)
0x08002C54,0x08002CC4,0x70,55,0x08002DE2 0x08002E04 0x08002E38 0x08002E98 0x08002EB8 0x08002EE2 0x08002F26 0x08002F5A,0x08004A20,,GPIOB+0x0 RCC+0x0,,OneWire/GPIO: primitiva de baixo nivel (atraso/pino)
0x08002CC4,0x08002DCC,0x108,117,0x08002B66 0x08002F02,0x08002BE0 0x08003044 0x08004BA4,,GPIOB+0x0,,
0x08002DCC,0x08002E64,0x98,63,0x08002E6E,0x08002C54 0x08004BAE 0x08003044 0x08002BE0 0x08004BA4,,GPIOB+0x0,,
0x08002E64,0x08002E84,0x20,15,0x08002AB4,0x08002DCC,,,,
0x08002E84,0x08002EF8,0x74,49,0x08002B60 0x08002EFC,0x08002C54 0x08004BAE 0x08003044,,GPIOB+0x0,,
0x08002EF8,0x08002F10,0x18,9,0x08002A8E 0x08002AA2,0x08002E84 0x08002CC4 0x08002F10,,,,
0x08002F10,0x08003044,0x134,130,0x08002A96 0x08002AAA 0x08002F0A,0x08002C54 0x08004BAE 0x08003044,,GPIOB+0x0,,
0x08003044,0x0800305A,0x16,11,0x08002CEA 0x08002D0E 0x08002D3C 0x08002D60 0x08002D88 0x08002DAC 0x08002DF4 0x08002E18,,,,,
0x0800305A,0x08003064,0xA,4,0x08004856 0x0800CCE4 0x0800D330 0x0800D428 0x0800D43A 0x0800D518,0x0800754C,,,,
0x08003064,0x080030B8,0x54,37,0x0800EAC6,0x08012090 0x080000F0,,,0x20000150,
0x080030B8,0x08003388,0x2D0,339,0x08007534 0x080081BC 0x08008250 0x0801210C,0x08003AB8 0x08012FCA 0x08009330 0x08009920 0x080000F0 0x08000972,,,0x2000016C 0x200000C4 0x2000012A 0x200000BC 0x200000B1 0x20000126 0x20000127 0x20000128,
0x08003388,0x080036AC,0x324,376,0x08008556 0x08008596 0x08008784 0x080087B0 0x080088AE 0x080088E8 0x08012108 0x08012C8C,0x08009238 0x0800F06C 0x08000516 0x080009F6 0x080037C4,LORAMAC STATUS ERROR\n\r,,0x200001AC 0x20000C3C 0x200000C4 0x2000012A 0x200000BC 0x200000B1 0x20000126 0x20000127,"LoRaMac: status/erro (""LORAMAC STATUS ERROR"")"
0x080036AC,0x08003714,0x68,45,0x080124AA 0x08012C86,0x080133A0 0x080037C4,,,0x2000016C 0x20000CBC,LoRaMacStart/init da pilha (chamado pos-boot)
0x08003714,0x08003774,0x60,41,0x0800850A 0x080109BE 0x08012B08,0x080048EC 0x0800485C 0x0800F06C 0x08004884,error in EEPROM Erase operation\n\r,,,LoRaMac: init/parametros iniciais
0x08003774,0x080037C4,0x50,33,0x080109BA 0x08012B04,0x080048EC 0x0800485C 0x0800F06C 0x08004884,error in EEPROM Erase operation\n\r,,,LoRaMac: init de regiao/canais
0x080037C4,0x08003828,0x64,43,0x08003638 0x080036FC 0x08008266 0x0800827E 0x08008506 0x08012AFA 0x08012B12,0x080048EC 0x08004898 0x0800F06C 0x08004884,error in EEPROM Write error\r,,,LoRaMac: configuracao de banda/regiao
0x08003828,0x08003838,0x10,6,,0x08004A08,,,,
0x08003838,0x08003848,0x10,6,,0x08004A08,,,,
0x08003848,0x080039B4,0x16C,167,,0x08004BA4 0x08004A00 0x08004A08,,EXTI+0x0 GPIOB+0x0,0x200000A1 0x2000014B 0x2000014E 0x200000D0 0x20000097 0x2000014C 0x200000C8 0x20000095,
0x080039B4,0x080039B8,0x4,2,0x080016FA 0x08002346 0x0800238A 0x08003EBE 0x08003EDA 0x08003EFE 0x08003F0E 0x08006004,,,,,
0x080039B8,0x08003A48,0x90,72,0x08003AA6,,,FLASH+0x0,0x200005E4,
0x08003A48,0x08003AB8,0x70,53,0x08004864 0x08004874 0x080048AE 0x080048CE,0x08004BBC 0x080039B8,,FLASH+0x0,,
0x08003AB8,0x08003AC8,0x10,8,0x080030C4 0x08003148 0x08003AD4 0x08012AD0,,,,0x20000000,EEPROM/parametros: inicializa ponteiros (RAM 0x20000000)
0x08003AC8,0x08003B5C,0x94,68,0x080124A6,0x08003AB8 0x08012FCA,,,0x2000016C,primeiro boot: inicializa parametros e grava defaults
0x08003B5C,0x08003BDC,0x80,59,0x080019AC 0x080085EA 0x08010A12,0x08000250 0x08004A20 0x08005344 0x08005330,,GPIOB+0x0 RCC+0x0,,GPIO init (pin de sensor/OneWire) + clock
0x08003BDC,0x08003C5C,0x80,59,0x08001992 0x080085FA 0x08010A7E,0x08000250 0x08004A20 0x08005344 0x08005330,,GPIOB+0x0 RCC+0x0,,GPIO init (pin de sensor/OneWire) + clock
0x08003C5C,0x08003CDC,0x80,59,0x0800199A 0x0800860E 0x08010AEA,0x08000250 0x08004A20 0x08005344 0x08005330,,RCC+0x0,,GPIO init (pin de sensor/OneWire) + clock
0x08003CDC,0x08003D18,0x3C,28,0x08002258,0x08000250 0x0800734C,,RCC+0x0,,
0x08003D18,0x08003D54,0x3C,28,0x080019B0 0x08002240,0x08000250 0x0800734C,,RCC+0x0,,
0x08003D54,0x08003D90,0x3C,28,0x0800191E 0x08001EA6,0x08000250 0x08004A20,,RCC+0x0,,
0x08003D90,0x08003DD0,0x40,30,0x080018F8 0x08001E8C,0x08000250 0x0800734C,,RCC+0x0,,
0x08003DD0,0x08003E0C,0x3C,28,0x08001922 0x08001EAA,0x08000250 0x08004A20,,GPIOB+0x0 RCC+0x0,,
0x08003E0C,0x08003E4C,0x40,30,0x080018FC 0x08001E90,0x08000250 0x0800734C,,GPIOB+0x0 RCC+0x0,,
0x08003E4C,0x08003E70,0x24,18,0x0800B488 0x0800BD22,,,,,
0x08003E70,0x08003E9C,0x2C,0,0x0800DA96 0x0800DAA4,,,,,
0x08003E9C,0x08003F40,0xA4,70,0x08012228,0x08000250 0x0800594C 0x080039B4 0x0800693C 0x08006712 0x080067F0 0x08006998 0x080069E0 0x08006910,,,0x2000029C 0x20000008,
0x08003F40,0x08003F50,0x10,8,0x0800B53A,,,,,
0x08003F50,0x08003F60,0x10,7,0x08001962 0x0800196C 0x08013BDA 0x08013BE6,0x08007A3C,,,0x20000054,
0x08003F60,0x08003F8C,0x2C,18,0x08002222 0x08011A2C,0x08007A3C 0x0800095C 0x08000590 0x080009C4,,,0x20000054,
0x08003F8C,0x08004038,0xAC,84,0x080072A6,0x08004BBC,,,,
0x08004038,0x080040CC,0x94,73,0x080072B6 0x080072C4,0x0800134C,,ADC1+0x300,,
0x080040CC,0x080040D4,0x8,4,0x080072DA,,,,,
0x080040D4,0x08004298,0x1C4,225,0x08007268,0x08004298,,ADC1+0x300,,
0x08004298,0x0800429A,0x2,0,0x080040F2,,,,,
0x0800429A,0x08004358,0xBE,93,0x080072D4,0x08004BBC,,,,
0x08004358,0x080043B4,0x5C,44,0x080072CA,0x080013A8 0x082033B2,,,,
0x080043B4,0x080043C4,0x10,8,0x08002A1E,,,,,
0x080043C4,0x080043D4,0x10,8,0x08002A26,,,,,
0x080043D4,0x080043E4,0x10,8,0x08002A22,,,,,
0x080043E4,0x0800447C,0x98,76,0x08006D58,,,DMA1+0x8,,
0x0800447C,0x080046FC,0x280,320,0x08013A76,,,DMA1+0x0,,dependencia HAL (clock/osc)
0x080046FC,0x08004804,0x108,132,0x08006EB0,,,DMA1+0x8,,
0x08004804,0x08004852,0x4E,38,0x0800718C,0x08002A40,,,,
0x08004852,0x0800485C,0xA,4,0x08001968 0x08001D98 0x08001DE4 0x08002110 0x0800213A 0x0800214E 0x08002178 0x0800218C,0x0800305A,,,,delay em ms (bloqueante)
0x0800485C,0x08004884,0x28,18,0x08003728 0x08003784,0x08003A48,,,0x200005E4,
0x08004884,0x08004898,0x14,10,0x08003740 0x08003796 0x080037FE,,,FLASH+0x0,,
0x08004898,0x080048EC,0x54,40,0x080037E2,0x08003A48,,,0x200005E4,
0x080048EC,0x08004910,0x24,18,0x0800371E 0x0800377E 0x080037D2,,,FLASH+0x0,,
0x08004910,0x08004A00,0xF0,120,0x080051C2 0x080051CA,,,EXTI+0x0 GPIOB+0x0 GPIOC+0x0 GPIOD+0x0 GPIOE+0x0 GPIOH+0x0,,
0x08004A00,0x08004A08,0x8,3,0x08003888 0x08003914 0x08003970 0x08004A14,0x080073A0,,,,
0x08004A08,0x08004A20,0x18,11,0x0800382C 0x08003832 0x0800383C 0x08003842 0x0800388E 0x08003894 0x0800389A 0x080038A2,0x08004A00,,EXTI+0x0,,
0x08004A20,0x08004BA4,0x184,194,0x08001740 0x08001782 0x08002A08 0x08002BBC 0x08002C2E 0x08002CA0 0x08003B9A 0x08003BB2,,,EXTI+0x0 GPIOB+0x0 GPIOC+0x0 GPIOD+0x0 GPIOE+0x0 GPIOH+0x0,,"GPIO: configuracao de pino (struct {pin,mode,pull,speed})"
0x08004BA4,0x08004BAE,0xA,5,0x08001908 0x08001B62 0x08001BA6 0x08001BBC 0x08001BD4 0x08001C08 0x08002252 0x08002CF2,,,,,GPIO: leitura de pino (retorna nivel)
0x08004BAE,0x08004BBC,0xE,7,0x0800178C 0x080018C0 0x08001940 0x08001956 0x0800197E 0x08001D8E 0x08001DF6 0x080021BA,,,,,GPIO: escrita de pino (estado 0/1)
0x08004BBC,0x08004BC8,0xC,6,0x080013D8 0x080013E0 0x08003A4C 0x08003A5E 0x08003FF2 0x08003FFA 0x080042C8 0x080042D8,,,,0x20000080,GPIO: leitura de pino (variante)
0x08004BC8,0x08004C12,0x4A,37,0x08001702 0x0800234E 0x08002392,,,,,
0x08004C12,0x08004C18,0x6,3,0x0800C652 0x0800C67C 0x0800C726 0x0800C750 0x0800C800 0x0800C836,,,,,
0x08004C18,0x08004CCC,0xB4,89,0x080016F2 0x0800233E 0x08002382,0x080051D8,,,,I2C: transacao com registrador (leitura de sensor I2C)
0x08004CCC,0x08004DE4,0x118,134,0x0800C68A 0x0800C75E 0x0800C844,0x08004BBC 0x08007CB8 0x08007C94 0x08007D00 0x08007D78,,,,
0x08004DE4,0x08004EFC,0x118,0,0x08001800 0x08001812 0x08001854 0x08001866 0x0800C660 0x0800C734 0x0800C80E,,,,,I2C: init/verificacao de dispositivo
0x08004EFC,0x08005054,0x158,0,0x08008C5E 0x08008C72 0x08013B96,,,,,
0x08005054,0x080051A8,0x154,0,0x080018DE 0x08008C40 0x08008CE0 0x08008CF8 0x08008D10 0x08008D28,,,,,
0x080051A8,0x080051D8,0x30,0,0x0800182C 0x08001880 0x080018F4,,,,,
0x080051D8,0x08005248,0x70,53,0x08001C78 0x08001CB4 0x08001E64 0x08004C34,0x080055A0 0x08004A20,,GPIOB+0x0 RCC+0x0,,
0x08005248,0x080052AC,0x64,48,0x08012240,0x08004BBC,,,,
0x080052AC,0x080052BC,0x10,8,0x080080F0,,,,,
0x080052BC,0x080052CC,0x10,8,0x0800EC02,,,,0x20000080,
0x080052CC,0x080052EC,0x20,14,0x0801245E,0x080052EC 0x080052F0,,FLASH+0x0,,HAL_Init (clock/Flash/tick)
0x080052EC,0x080052F0,0x4,2,0x080052DA 0x08005878 0x08005B1E,,,,,
0x080052F0,0x0800531C,0x2C,19,0x080052DE,0x0800536C 0x0800535C 0x0800534C,,FLASH+0x0 RCC+0x0,,
0x0800531C,0x08005330,0x14,10,0x08001EA2,,,,,
0x08005330,0x08005344,0x14,10,0x08001E96 0x08003BC2 0x08003C42 0x08003CC4 0x08006036 0x0800698C 0x08006EC4 0x08006EF6,,,,,
0x08005344,0x0800534C,0x8,3,0x08003BBC 0x08003C3C 0x08003CBE 0x08006030 0x08006986 0x08006EBE 0x08006ECE 0x08006EF0,0x08009A58,,,,
0x0800534C,0x0800535C,0x10,8,0x0800530E,,,PWR+0x0,,
0x0800535C,0x0800536C,0x10,8,0x08005300,,,PWR+0x0,,
0x0800536C,0x0800537C,0x10,8,0x080052FC,,,PWR+0x0,,
0x0800537C,0x080053AC,0x30,23,0x08008B08,,,PWR+0x0,,
0x080053AC,0x080053E0,0x34,25,0x08008B38,,,PWR+0x0,,
0x080053E0,0x080055A0,0x1C0,220,0x0800F46C,0x080000F0 0x080058B4 0x080058D4 0x08005894,,RCC+0x0,,
0x080055A0,0x0800572C,0x18C,194,0x080051E6 0x08006012 0x08006E7C,0x08004BBC,,PWR+0x0 RCC+0x40,,
0x0800572C,0x08005894,0x168,173,0x0800EC7A,0x08004BBC 0x080058D4 0x080052EC,,FLASH+0x0 RCC+0x0,0x2000007C,
0x08005894,0x080058B4,0x20,16,0x0800553A 0x0800F4A0 0x0800F564,,,RCC+0x0,0x2000007C,
0x080058B4,0x080058D4,0x20,16,0x0800550E 0x0800F50A 0x0800F56A,,,RCC+0x0,0x2000007C,
0x080058D4,0x0800594C,0x78,59,0x0800551E 0x08005862 0x0800F4B4 0x0800F52C 0x0800F590,0x080000F0,,RCC+0x0,,
0x0800594C,0x08005DA8,0x45C,523,0x08003EB6 0x08005FFC 0x0800EC3A,0x08004BBC 0x0800B18C 0x080052EC,,PWR+0x0 RCC+0x0 RCC+0x40 SYSCFG+0x0,0x2000007C,
0x08005DA8,0x08005DE4,0x3C,30,0x08007742,,,,,
0x08005DE4,0x08005DEC,0x8,3,0x080076AE,0x0800EEB0,,,,
0x08005DEC,0x08005EA4,0xB8,88,0x08007668 0x0800789E,0x08004BBC,,,,
0x08005EA4,0x08005EE8,0x44,31,0x0800758A,0x0800B204,,,,
0x08005EE8,0x08005F44,0x5C,43,0x0800757E 0x08007594,0x0800B204,,,,
0x08005F44,0x08005FE8,0xA4,80,0x08007714,0x08005FE8 0x0800B22A,,,,
0x08005FE8,0x08006044,0x5C,40,0x08005F60,0x0800594C 0x080039B4 0x080055A0 0x08005344 0x08005330,,RCC+0x40,,
0x08006044,0x080061E4,0x1A0,197,0x0800786A,0x0800B204 0x08004BBC 0x0800B214,,EXTI+0x0,,
0x080061E4,0x080062B0,0xCC,95,0x0800772A,0x0800B204 0x0800B214 0x0800B22A 0x080063A0,,,,
0x080062B0,0x080063A0,0xF0,114,0x0800773C,0x0800B204 0x0800B214 0x0800B22A 0x080063A0,,,,
0x080063A0,0x080063D4,0x34,24,0x08006284 0x08006372,0x08004BBC,,,,
0x080063D4,0x08006458,0x84,65,0x08007946,0x08006458,,,,
0x08006458,0x0800645A,0x2,1,0x080063F0,,,,,
0x0800645A,0x08006712,0x2B8,339,0x080078DA,0x0800C860,,,,
0x08006712,0x08006730,0x1E,15,0x08003EE2,,,,,
0x08006730,0x08006764,0x34,24,0x0800ED20,0x08006764 0x0800ED58,,,,
0x08006764,0x08006766,0x2,1,0x0800674C,,,,,
0x08006766,0x0800677C,0x16,11,0x080139D6,,,,,
0x0800677C,0x080067A0,0x24,18,0x08013A04,,,,,
0x080067A0,0x080067F0,0x50,38,0x08006A60 0x08006A9A 0x08006AD2 0x08006B0C,0x08006B78 0x080000F0,,,0x2000029C 0x20000008 0x2000007C,
0x080067F0,0x08006910,0x120,142,0x08003EF6,0x0800EDD0 0x0800EE2C,,,,
0x08006910,0x0800693C,0x2C,21,0x08003F24,0x08006970,,,,
0x0800693C,0x08006970,0x34,24,0x08003ED2,0x08006974 0x0800ED58,,,,
0x08006970,0x08006974,0x4,2,0x0800692C,,,,,
0x08006974,0x08006998,0x24,16,0x08006958,0x08005344 0x08005330,,RCC+0x0,,
0x08006998,0x080069E0,0x48,35,0x08003F06,0x0800EDB8,,,,
0x080069E0,0x08006A34,0x54,41,0x08003F1E,0x0800EDB8,,,,
0x08006A34,0x08006B5A,0x126,133,0x0800ECF4 0x0800ED4C,0x080067A0 0x08006B5A 0x08006B5C 0x08006B60 0x08006BBE,,,,
0x08006B5A,0x08006B5C,0x2,1,0x08006A66 0x08006AA0 0x08006AD8 0x08006B12,,,,,
0x08006B5C,0x08006B60,0x4,2,0x08006A6C 0x08006AA6 0x08006ADE 0x08006B18,,,,,
0x08006B60,0x08006B78,0x18,12,0x08006B36,,,,0x200005AC 0x20000050,
0x08006B78,0x08006BBE,0x46,35,0x080067A6,,,,,
0x08006BBE,0x08006BC0,0x2,1,0x08006B54,,,,,
0x08006BC0,0x08006BEC,0x2C,22,0x08013B3E,,,,,
0x08006BEC,0x08006C84,0x98,74,0x08013B38,0x08004BBC 0x0800F646,,,,
0x08006C84,0x08006C86,0x2,1,0x08006D96,,,,,
0x08006C86,0x08006C88,0x2,1,0x08006D6A 0x08006D72 0x0800F276 0x0800F2C0,,,,,
0x08006C88,0x08006DCC,0x144,153,0x080134A4 0x08013A84,0x0800F330 0x0800F300 0x080043E4 0x08006C86 0x08006C84 0x0800F5E0 0x08007210,,,,
0x08006DCC,0x08006E38,0x6C,50,0x0801395C 0x08013AB0,0x08006E38 0x0800F13C 0x0800F3B0 0x0800F208,,,,
0x08006E38,0x08006F14,0xDC,100,0x08006DE8,0x08000250 0x080055A0 0x08013ACC 0x080046FC 0x08005344 0x08005330 0x080138A8,,DMA1+0x80 LPUART1+0x0 RCC+0x0 USART1+0x0,0x2000095C,
0x08006F14,0x08006FB4,0xA0,80,0x080023C4 0x08006FDA 0x08006FF6 0x0801192A 0x08011F0C 0x08013B4A,,,,,
0x08006FB4,0x08007058,0xA4,80,0x0800F3A6,0x08006F14,,LPUART1+0x0 USART1+0x0,0x20000114 0x20000A6C 0x20000928 0x20000047 0x20000048,
0x08007058,0x08007120,0xC8,97,0x080023DA 0x080023EC 0x08011EFC,0x08004BBC 0x0800F646,,,,
0x08007120,0x080071B8,0x98,74,0x08013B60,0x08004804,,,,
0x080071B8,0x08007210,0x58,44,0x08011902,,,,,
0x08007210,0x08007220,0x10,8,0x08006DC0 0x0800F2F0,,,,0x20000114,
0x08007220,0x08007224,0x4,2,0x0800F2FA,,,,,
0x08007224,0x08007280,0x5C,45,0x0800751E,0x080040D4,,ADC1+0x0 RCC+0x0,0x20000110 0x200008C8,ADC: leitura de canal (tensao de bateria)
0x08007280,0x08007314,0x94,68,0x08001DDA 0x08002106 0x08002142 0x08002180 0x08007404 0x0800747C 0x08007494,0x08003F8C 0x08004038 0x08004358 0x0800429A 0x080040CC,,PWR+0x0 RCC+0x0,0x20000110 0x200008C8,ADC/GPIO init e controle de energia (RCC/PWR)
0x08007314,0x0800734C,0x38,28,0x080073A2 0x080073C2,,,,,
0x0800734C,0x080073A0,0x54,41,0x08003D0A 0x08003D46 0x08003DC2 0x08003E3A 0x0800798A 0x080079A0 0x080079B6 0x080079CE,0x08004A20,,RCC+0x0,,
0x080073A0,0x080073B8,0x18,11,0x08004A02,0x08007314,,,0x20000608,
0x080073B8,0x080073F4,0x3C,26,0x0800CC8A 0x0800CC9A 0x0800CCA8 0x0800CCB6,0x08007314 0x08009940 0x08005344 0x08005330,,,0x20000608,
0x080073F4,0x08007400,0xC,5,0x08007994 0x080079AA 0x080079C0 0x080079D8 0x08007A34 0x0800D376 0x0800D39E 0x0800D422,0x08004BAE,,,,
0x08007400,0x08007514,0x114,130,0x08001B18,0x08007280 0x080000F0 0x0800011C,,,0x200000C2,conversao leitura ADC -> tensao (escala)
0x08007514,0x0800754C,0x38,22,0x0801246A,0x08007224 0x080078E8 0x08007654 0x0800F048 0x080030B8 0x0800179C,,,0x20000110,ADC: init no boot
0x0800754C,0x08007574,0x28,17,0x0800305C,0x08000144 0x08007644,,,,
0x08007574,0x08007618,0xA4,79,0x08007630 0x0800764C 0x08007762,0x08005EE8 0x08005EA4,,,0x20000648,
0x08007618,0x0800761C,0x4,2,0x0800EF2C 0x0800EF66,,,,,
0x0800761C,0x08007628,0xC,6,0x0800EEB2,,,,0x20000694,
0x08007628,0x08007644,0x1C,13,0x080076C0 0x0800EEFA 0x0800EF36 0x0800EF46 0x0800EFA2,0x08007574,,,0x20000694,
0x08007644,0x08007654,0x10,7,0x0800755C 0x08007566 0x0800EE62 0x0800EE70,0x08007574,,,,
0x08007654,0x08007680,0x2C,19,0x0800752C,0x080076F8 0x08005DEC 0x08007758,,,0x2000008E 0x20000648,
0x08007680,0x080076BC,0x3C,28,0x0800B264,0x08008BF4 0x08005DE4,,EXTI+0x0,0x20000648,
0x080076BC,0x080076F8,0x3C,26,0x0800EF4E,0x08007628 0x08008BF4 0x08008BA4 0x08007770,,,0x2000008E,
0x080076F8,0x08007758,0x60,44,0x0800765E,0x08005F44 0x080061E4 0x080062B0 0x08005DA8,,RTC+0x0,0x20000648,
0x08007758,0x08007770,0x18,11,0x0800766C 0x0800EEB8 0x0800EFBC,0x08007574,,,0x20000694,
0x08007770,0x08007888,0x118,136,0x080076EE,0x0800021E 0x08007888 0x080000F0 0x08006044,=HP8@n,,0x20000698,
0x08007888,0x080078A8,0x20,15,0x08007788 0x0800F020,0x08005DEC,,,0x20000648,
0x080078A8,0x080078B8,0x10,7,0x0800EE66 0x0800EE7E,0x0800F8AE,,,,
0x080078B8,0x080078C8,0x10,7,0x0800EE78 0x0800EF5A,0x08000144,,,,
0x080078C8,0x080078E8,0x20,15,0x0800D37E 0x0800D388 0x0800E05A 0x0800E064,0x0800645A,,,0x200006B0,
0x080078E8,0x0800796C,0x84,63,0x08007528,0x080063D4 0x080039B4 0x080079E0,,RCC+0x0 SPI1+0x0,0x200006B0 0x2000007C,
0x0800796C,0x080079E0,0x74,49,0x08008B18,0x08000250 0x0800734C 0x080073F4,,,,
0x080079E0,0x08007A3C,0x5C,40,0x08007952 0x08008B86,0x08000250 0x0800734C 0x080073F4,,,,
0x08007A3C,0x08007ABC,0x80,57,0x08003F52 0x08003F64,0x08004BAE 0x08004BA4,,GPIOB+0x0,,
0x08007ABC,0x08007AC0,0x4,2,,,,,,
0x08007AC0,0x08007AF0,0x30,23,0x0800188E 0x08001D02,0x08004A20,,RCC+0x0,0x20000524,
0x08007AF0,0x08007B14,0x24,18,0x08007B98,,,,,
0x08007B14,0x08007B4C,0x38,27,0x08001884 0x08001CF4,0x08004A20,,RCC+0x0,0x20000510,
0x08007B4C,0x08007BC0,0x74,56,0x08007D14 0x08007D88 0x08007DD6,0x08004BBC 0x08007AF0,,,,
0x08007BC0,0x08007C2A,0x6A,0,0x08004F5C,,,,,
0x08007C2A,0x08007C94,0x6A,49,0x080050B4,0x08007C94 0x08007DC6 0x08007CB8,,,,
0x08007C94,0x08007CB8,0x24,18,0x08004D32 0x08004E4A 0x08004F96 0x0800500A 0x080050EA 0x08005168 0x08007BD6 0x08007C40,,,,,
0x08007CB8,0x08007D00,0x48,35,0x08004CF6 0x08004D76 0x08004E0E 0x08004E8E 0x08004F32 0x08004FA4 0x08004FDA 0x0800508A,0x08004BBC,,,,
0x08007D00,0x08007D78,0x78,58,0x08004D38,0x08007B4C 0x08004BBC,,,,
0x08007D78,0x08007DC6,0x4E,0,0x08004DB2 0x08004ECA 0x0800501A 0x08005178,,,,,
0x08007DC6,0x08007E18,0x52,39,0x08004E50 0x080050F4 0x08007BE0 0x08007C04 0x08007C4A 0x08007C6E,0x08007B4C 0x08004BBC,,,,
0x08007E18,0x08007E58,0x40,25,0x08007EF8,0x08004BAE 0x0800C5F0 0x08007E58,,,,
0x08007E58,0x08007E66,0xE,7,0x08007E3A 0x08007E48 0x08007E88 0x08007E96 0x08007EC6 0x08007EE6 0x08007F8E 0x08007F9C,,,,,
0x08007E66,0x08007EA6,0x40,25,0x08007F00,0x08004BAE 0x0800C5F0 0x08007E58,,,,
0x08007EA6,0x08007F06,0x60,40,0x08007F42,0x0800C5BC 0x08004BAE 0x08007E58 0x08004BA4 0x08007E18 0x08007E66,,,,
0x08007F06,0x08007F5E,0x58,35,0x08011A74,0x08007FC6 0x08007F5E 0x0800804C 0x0800800A 0x08007EA6,,,,
0x08007F5E,0x08007FC6,0x68,43,0x08007F16 0x08007F32 0x080080B6 0x080080C8,0x0800C5F0 0x08004BAE 0x08007E58,,,,
0x08007FC6,0x0800800A,0x44,26,0x08007F0E 0x08007F2A 0x080080AE,0x0800C5F0 0x08004BAE 0x08007E58,,,,
0x0800800A,0x0800804C,0x42,26,0x08007F22 0x08007F52 0x08008082 0x080080D4 0x080080DE,0x0800C5F0 0x08004BAE 0x08007E58,,,,
0x0800804C,0x080080A8,0x5C,37,0x08007F1A 0x08007F36 0x080080BA 0x080080CC,0x0800C5BC 0x08004BAE 0x08007E58 0x0800800A 0x08004BA4,,,,
0x080080A8,0x080080EC,0x44,27,0x08011A5C 0x08011A64 0x08011A7C,0x08007FC6 0x08007F5E 0x0800804C 0x0800800A,,,0x20000046,
0x080080EC,0x080081B4,0xC8,88,0x08001B72 0x08001DAC 0x0800E954 0x08012814,0x080052AC 0x080039B4 0x0800F06C 0x08008A38 0x080123FC 0x08012E2C 0x0800EFE8 0x080083F0 0x0800EE84 0x0800EF54 0x0800A854,ABC | switch to class %c done\n\r | JOINED\r\n | he parameters or reset Device to apply c,,0x2000028C 0x200000EC 0x20000094 0x20000878,
0x080081B4,0x08008338,0x184,175,0x080124C6,0x080030B8 0x0800F06C 0x08013048 0x08012264 0x08008DC0 0x08009330 0x08008338 0x080120A8 0x080037C4 0x08009AD4,\n\rLSN50 Device\n\r | Image Version: v1.8.1\n\r | LoRaWan Stack: DR-LWS-007\n\r | Frequency Band: ,,0x20000144 0x20000D4C,
0x08008338,0x080083D8,0xA0,74,0x08008254 0x08010B2A 0x08012530 0x08012564,0x08009330 0x080095B8,,,0x200000A2 0x2000016C 0x20000D58,
0x080083D8,0x080083F0,0x18,11,0x0800E1E2 0x0800EABC 0x0800EB24 0x08012734,0x08009238,,,,consulta booleana de estado (rede/join/busy)
0x080083F0,0x08008A38,0x648,754,0x0800817C,0x08009238 0x08009330 0x080131AC 0x0800F8DE 0x080037C4 0x08003714 0x08012420 0x08003388 0x08003B5C 0x08003BDC 0x08003C5C 0x08013BC4,"Receive data\n\r | %d: | %02x  | BuffSize:%d,Run AT+RECVB=? to see detail",,0x20000144 0x20000094 0x2000014B 0x2000014C 0x2000014D 0x2000014E 0x2000012C 0x2000005C,"callback LoRaMac de recepcao: imprime ""Receive data"" e trata downlink"
0x08008A38,0x08008ACC,0x94,71,0x0800811C 0x0800E8CC 0x0800EB12 0x0800EB60 0x080111C0 0x08011284 0x080125AC 0x080126F0,0x08011BB0 0x08009854 0x0800910C,,,0x200000B4 0x200001AC 0x200000B6,"LoRaMac: evento/envio com descritor {buf,len,tipo,porta}"
0x08008ACC,0x08008B00,0x34,20,0x0801281C,0x08008B02 0x08008B4A 0x08008B10 0x08008B4C 0x08008B00 0x08008B48,,,0x20000274,
0x08008B00,0x08008B02,0x2,1,0x08008AF0,,,,,
0x08008B02,0x08008B10,0xE,6,0x08008AD6,0x0800537C,,,,
0x08008B10,0x08008B48,0x38,23,0x08008AE6,0x0800796C 0x08012F00 0x080053AC,,PWR+0x0,,
0x08008B48,0x08008B4A,0x2,1,0x08008AF4,,,,,
0x08008B4A,0x08008B4C,0x2,1,0x08008ADA,,,,,
0x08008B4C,0x08008BA4,0x58,40,0x08008AEA,0x080079E0 0x08012F3C,,RCC+0x0,,
0x08008BA4,0x08008BCC,0x28,18,0x080076DE,,,,0x20000274,
0x08008BCC,0x08008BF4,0x28,18,0x080124BC,,,,0x20000274,LoRaMac: SetMaxNbTrans(1)
0x08008BF4,0x08008C1C,0x28,18,0x08007688 0x080076DA 0x0800F0BC 0x0800F122,,,,0x20000274,
0x08008C1C,0x08008CAC,0x90,67,0x08001E6C,0x08013B6C 0x08005054 0x08004EFC,,,0x20000560,
0x08008CAC,0x08008D44,0x98,67,0x08001E68,0x08013B6C 0x08005054,,,0x20000560,
0x08008D44,0x08008DC0,0x7C,56,0x08009CC0 0x08009DAA 0x0800A1E4 0x0800A224 0x0800ABC0,0x08001548 0x08001568 0x08001578 0x0800140C 0x080002AE,,,0x20000250 0x20001678 0x20001574,
0x08008DC0,0x08008FFC,0x23C,260,0x08008204,0x0800C3AC 0x0800C38A 0x0800C39E 0x0800C48C 0x0800EE84 0x0800EF54 0x0800EE60 0x08013238,,,0x200001D8 0x2000144C,
0x08008FFC,0x08009044,0x48,31,0x0800A00C 0x0800AA00,0x08001548 0x08001568 0x08001578 0x0800140C 0x080002AE,,,0x20001678 0x20001574,
0x08009044,0x080090CC,0x88,58,0x0800A03E,0x08012898 0x08010238 0x08012868 0x080101E2,,,0x20001584,
0x080090CC,0x0800910C,0x40,28,0x08009FF6,0x08012898 0x08010238 0x080101E2,,,0x20001584,
0x0800910C,0x08009238,0x12C,146,0x08008A98 0x08011E18,0x08012898 0x0800C38A 0x0800C476 0x0800E8F0,,,0x200001D8 0x20001544 0x20001434,
0x08009238,0x08009330,0xF8,122,0x08003392 0x080033AC 0x080033EC 0x0800340C 0x08003438 0x0800345E 0x0800346E 0x08003492,0x0800F8DE 0x0800C38A,,,0x20001414 0x200001D8 0x200010F4,
0x08009330,0x080095B8,0x288,310,0x08003172 0x08003186 0x080031BE 0x080031DA 0x080031F4 0x08003202 0x08003212 0x08003222,0x0800F8DE 0x0800A72C 0x08012868 0x0800C476 0x0800C35E 0x0800C406 0x0800C5A4 0x0800BF26,,,0x200001D8 0x20001414 0x200010F4,
0x080095B8,0x0800975C,0x1A4,199,0x080083C4 0x08011CF8 0x08011D58,0x08012898 0x0800C39E 0x0800C38A 0x0800C476 0x0800C48C 0x0800BEDE 0x0800E8F0 0x08001638 0x0800EB70 0x0800EBC4,,,0x200001D8 0x20001558 0x200000AA 0x20001414,
0x0800975C,0x0800976C,0x10,7,0x0800A394 0x0800A3E2,0x0800976C,,,,
0x0800976C,0x08009854,0xE8,112,0x08009766 0x08009CA0 0x08009D8E 0x0800AB72,0x08012898 0x08010238 0x080101E2,,,0x20000144 0x20001584 0x20000260,
0x08009854,0x08009920,0xCC,99,0x08008A54 0x08011DDA,0x0800BEC0 0x0800C38A 0x0800F70C,,,0x2000144C 0x200001D8 0x20000146,
0x08009920,0x08009940,0x20,15,0x080031A8 0x080123BC,0x0800C476,,,0x200001D8,
0x08009940,0x08009A54,0x114,133,0x080073D2,0x08011BB0 0x08011B8C 0x08011BBC 0x08011B9C,,,0x200000AA 0x200000A8 0x200000A9 0x200000B1 0x20000D3C 0x200001AC 0x200000A7 0x20000144,
0x08009A54,0x08009A58,0x4,2,,,,,,
0x08009A58,0x08009A9C,0x44,33,0x08005346,,,,,
0x08009A9C,0x08009AB8,0x1C,11,0x080125CC,,,,,LoRaMac: consulta de estado do radio
0x08009AB8,0x08009AD4,0x1C,11,0x080109D2 0x0801175C,,,,,
0x08009AD4,0x08009AF0,0x1C,11,0x08008282 0x08012B1C,,,,,
0x08009AF0,0x0800A72C,0xC3C,1501,0x0800AC2E,0x0800EFE8 0x0800F06C 0x08011D90 0x080123FC 0x0800EF54 0x0800EF78 0x0800976C 0x08008D44 0x0800A7A4 0x0800C38A 0x0800E08C 0x0800C39E,On Certif tx next packet\r,,0x20001518 0x200001D8 0x20000094 0x200008A0 0x20000864 0x20001484 0x200001FC 0x200000B7,
0x0800A72C,0x0800A7A4,0x78,57,0x080093A4 0x08009EC6 0x0800A4B2 0x0800A512 0x0800A580 0x0800A66E,0x0800EFE8 0x0800C406 0x0800C5A4,,,0x200014DC 0x200001D8 0x20000129 0x20000128,
0x0800A7A4,0x0800A818,0x74,53,0x08009CE4,0x0800EFE8 0x0800C48C 0x0800BEDE 0x0800A970 0x0800E08C,,,0x200014B4 0x200001D8,
0x0800A818,0x0800A854,0x3C,28,0x0800A8EE,0x0800EF54 0x0800EF78,,,0x20000094 0x2000083C 0x20000218,
0x0800A854,0x0800A918,0xC4,81,0x08008196,0x0800EFE8 0x0800EF54 0x0800EF78 0x08012414 0x0800EE84 0x08004852 0x0800A818,,,0x20000094 0x20000850,
0x0800A918,0x0800A96C,0x54,41,0x0800AB3A,0x0800F8DE,,,,
0x0800A96C,0x0800A970,0x4,2,,,,,,
0x0800A970,0x0800AC18,0x2A8,331,0x0800A804 0x0800E90E,0x0801287E 0x08008FFC 0x0800BEC0 0x08012868 0x0800A918 0x0800976C 0x08008D44,,,0x200001D8 0x20001114 0x20001414 0x20001312 0x200000B7 0x200000B5,
0x0800AC18,0x0800AC58,0x40,29,0x08009FAC 0x08009FDC 0x0800A126 0x0800A178 0x0800A2BE 0x0800A2EC,0x08009AF0 0x0800EF54 0x0800EF78,,,0x200001D8 0x20001484,
0x0800AC58,0x0800B18C,0x534,639,0x0800A37E 0x0800A410,0x0800F8DE 0x0800C3B4 0x0800F06C 0x08009238 0x08001638 0x080000F0 0x0800C41C 0x08012078 0x0800C3D6 0x0800C464 0x08000972 0x0800C378,ADR Message:\r\n | Channel is  | CH%d_%d  | TX Datarate too small for this payload s,,0x20001434 0x200000AC 0x20001558 0x200001D8 0x200000B8 0x20000124,
0x0800B18C,0x0800B1FC,0x70,56,0x08005ABA 0x08005AF8,,,FLASH+0x0 PWR+0x0 RCC+0x0,,
0x0800B1FC,0x0800B204,0x8,3,,0x08013A80,,,,
0x0800B204,0x0800B214,0x10,8,0x08005ECE 0x08005ED6 0x08005EDE 0x08005F26 0x08005F2E 0x08005F36 0x08006070 0x08006076,,,,,
0x0800B214,0x0800B22A,0x16,11,0x080060E6 0x080060EE 0x080060F8 0x08006106 0x08006232 0x0800623A 0x08006244 0x080062EA,,,,,
0x0800B22A,0x0800B262,0x38,26,0x08005F76 0x0800625E 0x08006332,0x08004BBC,,,,
0x0800B262,0x0800B26A,0x8,3,,0x08007680,,,,
0x0800B26A,0x0800B2C8,0x5E,46,0x0800BED8,0x0800B4D4,,,,
0x0800B2C8,0x0800B2E0,0x18,11,0x0800BEEA,0x080000F0,,,,
0x0800B2E0,0x0800B3CC,0xEC,116,0x0800BEF8,0x0800BFBA,,,0x200010D0 0x200001C4,
0x0800B3CC,0x0800B3E4,0x18,12,0x0800BF12,,,,,
0x0800B3E4,0x0800B41C,0x38,27,0x0800BF20,0x0800BF38,,,0x20000D64 0x200001C8,
0x0800B41C,0x0800B478,0x5C,43,0x0800BF32,0x0800C160 0x0800BFBA,,,0x200010C4,
0x0800B478,0x0800B4D0,0x58,41,0x0800C372,0x08003E4C 0x0800C0C8 0x0800C038,,,,
0x0800B4D0,0x0800B4D4,0x4,2,0x0800C384,,,,,
0x0800B4D4,0x0800B5F4,0x120,141,0x0800B2B4 0x0800B7E4 0x0800C398,0x0800F8DE 0x08003F40 0x08012FB4,,,0x2000012A 0x200010C4 0x20000D64,
0x0800B5F4,0x0800B764,0x170,179,0x0800C3A6,0x08012078 0x0800BFBA 0x08012090,,,0x200010DC 0x200001C4 0x20000D64,
0x0800B764,0x0800B990,0x22C,271,0x0800C3D0,0x0800BFBA 0x0800C250 0x0800C160 0x0800B4D4 0x0800C1B8 0x08012090,,,0x200010C4 0x20000D64 0x2000012A 0x200000BB 0x200001DB,
0x0800B990,0x0800B994,0x4,2,0x0800C3E2,,,,,
0x0800B994,0x0800BAB4,0x120,134,0x0800C400,0x08000250 0x0800C160 0x0800BFBA 0x0800EE6C 0x0800C290 0x08002944 0x08012FB4 0x08002870 0x0800BF94,,,0x200010D0 0x200001C4 0x20000D64,
0x0800BAB4,0x0800BBF0,0x13C,152,0x0800C416,0x0800EE60 0x0800F06C 0x080000F0,[%lu] | RX on freq %d Hz at DR %d\r\n | RX on freq %d.%d MHz at DR %d\r\n,,0x20000124,
0x0800BBF0,0x0800BC84,0x94,71,0x0800C428,0x080000F0 0x0800C34E,,,,
0x0800BC84,0x0800BCAC,0x28,19,0x0800C436,0x0800C286,,,0x20000D64 0x200001C8,
0x0800BCAC,0x0800BCF4,0x48,35,0x0800C444,0x0800C0F4,,,0x20000D64 0x200001C8,
0x0800BCF4,0x0800BE50,0x15C,166,0x0800C45E,0x08003E4C 0x0800C0F4 0x0800EE60 0x0800F06C 0x080000F0,[%lu] | TX on freq %d Hz at DR %d\r\n | TX on freq %d.%d MHz at DR %d\r\n,,0x20000D64 0x200001C8 0x20000124,
0x0800BE50,0x0800BE56,0x6,3,0x0800C470,,,,,
0x0800BE56,0x0800BEC0,0x6A,52,0x0800C486,0x0800C34E,,,,
0x0800BEC0,0x0800BEDE,0x1E,14,0x080098AA 0x0800AA68,0x0800B26A,,,,
0x0800BEDE,0x0800BEF0,0x12,8,0x080096D4 0x0800A7DE,0x0800B2C8,,,,
0x0800BEF0,0x0800BEFE,0xE,6,0x0800A0B4,0x0800B2E0,,,,
0x0800BEFE,0x0800BF18,0x1A,12,0x0800E102,0x0800B3CC,,,,
0x0800BF18,0x0800BF26,0xE,6,0x080024C0,0x0800B3E4,,,,
0x0800BF26,0x0800BF38,0x12,8,0x080094A8,0x0800B41C,,,,
0x0800BF38,0x0800BF94,0x5C,45,0x0800B40C,0x0800C1A4,,,,
0x0800BF94,0x0800BFBA,0x26,19,0x0800BA98,,,,,
0x0800BFBA,0x0800BFD8,0x1E,15,0x0800B356 0x0800B364 0x0800B442 0x0800B46A 0x0800B63E 0x0800B64C 0x0800B77C 0x0800B8E8,,,,,
0x0800BFD8,0x0800C038,0x60,46,0x0800C204,0x0800C34E,,,,
0x0800C038,0x0800C0C8,0x90,56,0x0800B4BE,0x080009A8 0x08000980 0x08000770 0x0800060C 0x08000840 0x08011AC4 0x08000A68 0x08000930 0x08000754 0x08000A20,,,,
0x0800C0C8,0x0800C0F4,0x2C,18,0x0800B49C,0x080009A8 0x08000980 0x08000840 0x08000770,,,,
0x0800C0F4,0x0800C160,0x6C,47,0x0800BCD6 0x0800BD2E,0x0800F8DE 0x08000972 0x0800050E 0x08000506 0x08000AA4 0x08012150 0x08000A20,,,,
0x0800C160,0x0800C1A4,0x44,34,0x0800B426 0x0800B7C8 0x0800B9B2,,,,,
0x0800C1A4,0x0800C1B8,0x14,9,0x0800BF70,,,,,
0x0800C1B8,0x0800C250,0x98,74,0x0800B832,0x0800BFD8 0x0800C34E,,,,
0x0800C250,0x0800C286,0x36,27,0x0800B788,,,,,
0x0800C286,0x0800C290,0xA,5,0x0800BC9C,,,,,
0x0800C290,0x0800C34E,0xBE,89,0x0800B9FE,0x0800EE6C,,,,
0x0800C34E,0x0800C35E,0x10,8,0x08002986 0x0800BC36 0x0800BC5A 0x0800BEA0 0x0800BFE2 0x0800C014 0x0800C21A,,,,,
0x0800C35E,0x0800C378,0x1A,12,0x08009430 0x0800E114 0x0800E128,0x0800B478,,,,
0x0800C378,0x0800C38A,0x12,8,0x0800B178,0x0800B4D0,,,,
0x0800C38A,0x0800C39E,0x14,9,0x08008E12 0x08008E28 0x08008E3A 0x08008E4A 0x08008E5A 0x08008E6A 0x08008E7A 0x08008E8A,0x0800B4D4,,,,
0x0800C39E,0x0800C3AC,0xE,6,0x08008F0E 0x08009612 0x08009E38,0x0800B5F4,,,,
0x0800C3AC,0x0800C3B4,0x8,4,0x08008DDE,,,,,
0x0800C3B4,0x0800C3D6,0x22,16,0x0800AD02,0x0800B764,,,,
0x0800C3D6,0x0800C3E8,0x12,8,0x0800AF96,0x0800B990,,,,
0x0800C3E8,0x0800C406,0x1E,14,0x0800E0EA,0x0800B994,,,,
0x0800C406,0x0800C41C,0x16,10,0x08009454 0x0800A706 0x0800A778,0x0800BAB4,,,,
0x0800C41C,0x0800C42E,0x12,8,0x0800AEE6,0x0800BBF0,,,,
0x0800C42E,0x0800C43C,0xE,6,0x0800A62E,0x0800BC84,,,,
0x0800C43C,0x0800C44A,0xE,6,0x0800EB94,0x0800BCAC,,,,
0x0800C44A,0x0800C464,0x1A,12,0x0800E9BA,0x0800BCF4,,,,
0x0800C464,0x0800C476,0x12,8,0x0800B004,0x0800BE50,,,,
0x0800C476,0x0800C48C,0x16,10,0x080091E6 0x080093FE 0x0800947C 0x080094EA 0x0800950A 0x08009524 0x08009554 0x0800967E,0x0800BE56,,,,
0x0800C48C,0x0800C510,0x84,66,0x08008F40 0x080096C4 0x0800A7CA,,,,0x200001D8 0x2000144C,
0x0800C510,0x0800C5A4,0x94,60,0x0800CB66 0x0800D25E,0x0800D352 0x0800E030 0x0800D5DC,,,,
0x0800C5A4,0x0800C5BC,0x18,12,0x08009460 0x0800A712 0x0800A784,,,,,
0x0800C5BC,0x0800C5F0,0x34,25,0x08007EA8 0x08008050,0x08004A20,,RCC+0x0,0x20000538,
0x0800C5F0,0x0800C628,0x38,27,0x08007E2C 0x08007E7A 0x08007F62 0x08007FC8 0x0800800C,0x08004A20,,RCC+0x0,0x2000054C,
0x0800C628,0x0800C6FC,0xD4,93,0x08001C82,0x0800EE60 0x0800EE6C 0x08004C12 0x08004DE4 0x08004CCC 0x080009A8 0x08000770 0x08000930 0x08000754 0x08000AF4,,,0x20000478,
0x0800C6FC,0x0800C7D4,0xD8,95,0x08001C7C,0x0800EE60 0x0800EE6C 0x08004C12 0x08004DE4 0x08004CCC 0x080009A8 0x08000770 0x08000930 0x08000754 0x08000AF4,,,0x20000478,
0x0800C7D4,0x0800C860,0x8C,62,0x080137CE,0x0800EE60 0x0800EE6C 0x08004C12 0x08004DE4 0x08004CCC,,,0x20000034 0x200004C4,
0x0800C860,0x0800C912,0xB2,86,0x0800653A 0x0800657A 0x080065AA 0x080065F4 0x0800660E 0x0800664C 0x0800667A 0x080066A8,0x08004BBC,,,,
0x0800C912,0x0800C914,0x2,1,,,,,,
0x0800C914,0x0800C924,0x10,8,0x0800CC26,,,,0x20000014,
0x0800C924,0x0800CB38,0x214,232,0x0800D764,0x080009A8 0x0800D352 0x0800060C 0x08000930 0x08000840 0x08000770 0x08013060 0x08000980 0x08011AC4 0x08000ACC 0x08012150 0x08000A68,,,0x20000014 0x200003D4,
0x0800CB38,0x0800D352,0x81A,927,,0x0800EE84 0x0800D3F8 0x0800C510 0x0800D6CC 0x0800D65C 0x0800E030 0x08000250 0x0800734C 0x0800C914 0x080073B8 0x0800D5DC 0x0800305A,[%lu] | rxDone(ACK)\r\n | rxDone\r\n | Rssi= %d\r\n,GPIOB+0x0 GPIOC+0x0,0x20000014 0x2000043C 0x20000064 0x200003D4 0x200002D4 0x200001DD 0x20000124 0x200001DA,
0x0800D352,0x0800D362,0x10,7,0x0800C514 0x0800C51C 0x0800C524 0x0800C52E 0x0800C550 0x0800C562 0x0800C572 0x0800C582,0x0800D362,,,,
0x0800D362,0x0800D3A4,0x42,29,0x0800D358 0x0800D3AC,0x080073F4 0x080078C8,,,,
0x0800D3A4,0x0800D3B4,0x10,7,0x0800CE0C 0x0800CE64 0x0800CEFC 0x0800D0D6 0x0800D0EA 0x0800D0F4,0x0800D362,,,,
0x0800D3B4,0x0800D3F8,0x44,31,0x0800CCF2,0x0800D352,,,0x200003D4,
0x0800D3F8,0x0800D554,0x15C,150,0x0800CB62 0x0800D25A,0x08000250 0x0800734C 0x080073F4 0x0800305A 0x0800E030 0x0800E07E 0x08012868 0x0800D352 0x0800DCA8 0x0800DCCC,,GPIOB+0x0,0x200003D4 0x200002D4,
0x0800D554,0x0800D5DC,0x88,61,,0x08000250 0x0800734C 0x080073F4,,,0x20000060 0x200000A4,
0x0800D5DC,0x0800D65C,0x80,57,0x0800C56C 0x0800C594 0x0800CCD8 0x0800D912 0x0800DF86,0x080000F0 0x0800E030 0x0800D65C,,,0x200003D4 0x200003F4,
0x0800D65C,0x0800D6CC,0x70,46,0x0800CB84 0x0800CB9C 0x0800CCD2 0x0800D272 0x0800D28A 0x0800D31A 0x0800D632 0x0800D72E,0x0800D352 0x0800DC74 0x0800E030,,,0x200003D4,
0x0800D6CC,0x0800D728,0x5C,42,0x0800CB6C 0x0800CCDE 0x0800D264 0x0800D328 0x0800D9AA 0x0800D9C4 0x0800DC86 0x0800DCBA,0x0800D352 0x0800E030,,,0x20000014,
0x0800D728,0x0800DC74,0x54C,589,0x0800D294,0x0800D65C 0x0800E030 0x0800D352 0x0800C924 0x0800EFE8 0x0800F8DE 0x0800D5DC 0x08000250 0x0800EF54 0x0800EF78 0x0800D6CC 0x080009A8,,,0x20000414 0x200003D4 0x2000043C 0x200002D4,
0x0800DC74,0x0800DCA8,0x34,23,0x0800CD08 0x0800D34A 0x0800D680 0x0800D6A0,0x0800EFE8 0x0800D6CC,,,0x20000450 0x20000014,
0x0800DCA8,0x0800DCCC,0x24,15,0x0800D512,0x0800EFE8 0x0800D6CC,,,0x20000450,
0x0800DCCC,0x0800DD7C,0xB0,74,0x0800D528,0x0800EFE8 0x0800EF54 0x0800D352 0x0800E030 0x0800EF78 0x0800D6CC,,,0x20000450,
0x0800DD7C,0x0800E030,0x2B4,301,0x0800DFAC,0x0800D65C 0x080009A8 0x08000840 0x08000A68 0x0800E030 0x0800D352 0x0800D5DC 0x0800DD7C 0x0800EF54 0x0800EF78 0x0800D6CC,,,0x20000014 0x200003D4 0x2000043C,
0x0800E030,0x0800E03C,0xC,5,0x0800C54A 0x0800C55C 0x0800C57C 0x0800C58E 0x0800CB8E 0x0800CD46 0x0800CD64 0x0800CD8E,0x0800E03C,,,,
0x0800E03C,0x0800E07E,0x42,29,0x0800E036 0x0800E086,0x080073F4 0x080078C8,,,,
0x0800E07E,0x0800E08C,0xE,6,0x0800D044 0x0800D100 0x0800D488 0x0800D49E 0x0800D522,0x0800E03C,,,,
0x0800E08C,0x0800E1D8,0x14C,156,0x08009DE4 0x0800A808 0x0800E920,0x08002498 0x0800C3E8 0x0800BEFE 0x0800C35E 0x0800F70C 0x0800EF54 0x0800EF78 0x0800E930,,,0x200001D8 0x20001414 0x200000AB 0x200000BC,
0x0800E1D8,0x0800E8F0,0x718,807,0x080125D4,0x080083D8 0x08001B10 0x08012300 0x08000516 0x080009C4 0x08004BA4 0x080000F0 0x08012414 0x08008A38,,GPIOB+0x0,0x20000094 0x20000125 0x2000014B 0x20000084 0x20000085 0x200000EC 0x2000014C 0x2000014D,monta o payload do uplink por MOD e envia (APPDATA)
0x0800E8F0,0x0800E930,0x40,30,0x08009200 0x080096EC,0x0800A970 0x0800E08C,,,0x200001D8 0x20001544,wrapper de transmissao (monta conf/mode e chama a pilha)
0x0800E930,0x0800EAA8,0x178,177,0x0800E1BC,0x080080EC 0x0800F06C 0x0800EE60 0x0800C44A 0x0800EF54 0x0800EF78,JoinRequest NbTrials= %d\r\n | \n\r[%lu] | \n\rPlease use AT+DEBUG to see debug inf | ***** UpLinkCounter= %u *****\n\r,,0x20001414 0x200001D8 0x20000124 0x20001558 0x200000B4 0x20001114,trace de uplink (UpLinkCounter/NbTrials)
0x0800EAA8,0x0800EB1C,0x74,54,0x080127D2,0x080000F0 0x080083D8 0x08003064 0x08008A38,,,0x20000094,fluxo pos-TX 1 (chamado pelo loop)
0x0800EB1C,0x0800EB70,0x54,40,0x08012712,0x080083D8 0x08008A38,,,0x20000094 0x20000808,fluxo pos-TX 2 (chamado pelo loop)
0x0800EB70,0x0800EBC4,0x54,39,0x0800972E,0x0800C43C 0x0800EF54 0x0800EF78,,,0x200001D8 0x20001414,
0x0800EBC4,0x0800EC00,0x3C,28,0x08009746,0x0800EF54 0x0800EF78,,,0x20001484 0x200001D8,
0x0800EC00,0x0800EC08,0x8,3,,0x080052BC,,,,
0x0800EC08,0x0800ECE8,0xE0,105,0x08012462,0x08000250 0x0800594C 0x080039B4 0x0800572C,,PWR+0x0 RCC+0x0,,SystemClock_Config
0x0800ECE8,0x0800ECF0,0x8,3,,0x0800ED48,,,,
0x0800ECF0,0x0800ED00,0x10,7,,0x08006A34,,,0x200005AC,
0x0800ED00,0x0800ED48,0x48,33,0x08001914,0x08006730 0x080039B4 0x08005344,,RCC+0x0 TIM3+0x0,0x200005AC,
0x0800ED48,0x0800ED58,0x10,7,0x0800ECEA,0x08006A34,,,0x2000029C,
0x0800ED58,0x0800EDB8,0x60,48,0x08006758 0x08006964,,,TIM3+0x0,,
0x0800EDB8,0x0800EDD0,0x18,12,0x080069C2 0x08006A0A,,,,,
0x0800EDD0,0x0800EE2C,0x5C,46,0x08006888,,,TIM3+0x0,,
0x0800EE2C,0x0800EE60,0x34,26,0x080068A6,,,,,
0x0800EE60,0x0800EE6C,0xC,4,0x080017E0 0x08001834 0x08008F82 0x0800A56A 0x0800BB3E 0x0800BD7A 0x0800C632 0x0800C668,0x08007644 0x080078A8,,,,copia de struct (memcpy pequeno)
0x0800EE6C,0x0800EE84,0x18,9,0x080017EA 0x0800183E 0x080024AA 0x0800A4E2 0x0800A548 0x0800B9E6 0x0800BA40 0x0800C2B2,0x08007644 0x080078B8 0x080078A8,,,,
0x0800EE84,0x0800EE94,0x10,8,0x08008186 0x080088F2 0x08008F4A 0x08008F60 0x08008F6A 0x08008F74 0x08008F7E 0x0800A894,,,,,timer: inicializacao (TimerInit)
0x0800EE94,0x0800EEB0,0x1C,13,0x0800EFB6,0x0800EF28,,,0x2000027C,
0x0800EEB0,0x0800EF28,0x78,56,0x08005DE6,0x0800761C 0x08007758 0x08007628 0x0800EF28,,,0x2000027C,
0x0800EF28,0x0800EF54,0x2C,18,0x0800EEA6 0x0800EF1E 0x0800F01A,0x08007618 0x08007628 0x080076BC,,,,
0x0800EF54,0x0800EF78,0x24,15,0x08008192 0x0800883C 0x080088A2 0x080088FE 0x08008F56 0x08009B7E 0x08009E70 0x0800A486,0x080078B8 0x0800EFE8 0x08007618,,,,timer: seta valor (TimerSetValue)
0x0800EF78,0x0800EFE8,0x70,51,0x08008842 0x080088AA 0x08008906 0x0800890E 0x08009B84 0x08009E76 0x0800A48E 0x0800A59A,0x08007628 0x0800EE94 0x08007758,,,0x2000027C,timer: start (TimerStart)
0x0800EFE8,0x0800F048,0x60,44,0x08008176 0x0800888A 0x08008892 0x08009AF4 0x08009B68 0x08009BA4 0x08009F08 0x08009F7C,0x0800EF28 0x08007888,,,0x2000027C,timer: stop (TimerStop)
0x0800F048,0x0800F06C,0x24,16,0x08007530,0x08013A90 0x080026D4,,,0x200018C0,
0x0800F06C,0x0800F13C,0xD0,88,0x08001820 0x08001874 0x0800189E 0x080018AA 0x0800191A 0x08001936 0x08001984 0x08001B24,0x0800F854 0x080024D8 0x080027CC 0x08008BF4 0x08013B58 0x080026FC,,,0x200018A0 0x20000284,printf/putchar (console USART)
0x0800F13C,0x0800F208,0xCC,102,0x08006E02,,,,,
0x0800F208,0x0800F27C,0x74,54,0x08006E32,0x08004BBC 0x0800F646 0x08006C86,,,,
0x0800F27C,0x0800F2C6,0x4A,34,,0x0800F31E 0x0800F300 0x08006C86,,,,
0x0800F2C6,0x0800F2F6,0x30,23,,0x08007210,,,,
0x0800F2F6,0x0800F300,0xA,4,,0x08007220,,,,
0x0800F300,0x0800F31E,0x1E,15,0x08006D38 0x0800F2B2,,,,,
0x0800F31E,0x0800F330,0x12,9,0x0800F29A,,,,,
0x0800F330,0x0800F3B0,0x80,63,0x08006CA2 0x08006D24,0x08006FB4,,,,
0x0800F3B0,0x0800F5E0,0x230,265,0x08006E08,0x080053E0 0x08005894 0x080058D4 0x08000144 0x0800F8DE 0x080058B4 0x080000F0,,LPUART1+0x0 RCC+0x40 USART1+0x0 USART2+0x0 USART4+0x0 USART5+0x0,,
0x0800F5E0,0x0800F646,0x66,51,0x08006DA6,,,,,
0x0800F646,0x0800F6A8,0x62,48,0x08006C68 0x080070C6 0x080070F8 0x0800F22C 0x0800F248,0x08004BBC,,,,
0x0800F6A8,0x0800F6EC,0x44,31,0x08001E9A,0x08004BA4 0x08013974 0x0800132C,,,0x2000012C,
0x0800F6EC,0x0800F6F4,0x8,3,,0x080134A0,,,,
0x0800F6F4,0x0800F70C,0x18,11,,0x0800EFE8,,,0x200000B4 0x200008B4,
0x0800F70C,0x0800F754,0x48,35,0x080098F8 0x0800E13C,0x0800C38A,,,0x20001434 0x200001D8,
0x0800F754,0x0800F790,0x3C,28,0x08001974 0x0800222C 0x08013BEE,0x08000250 0x08004A20,,GPIOB+0x0 RCC+0x0,,
0x0800F790,0x0800F7CC,0x3C,28,0x0800195E 0x0800221E 0x08013BD6,0x08000250 0x0800734C,,GPIOB+0x0 RCC+0x0,,
0x0800F7CC,0x0800F808,0x3C,28,0x08001970 0x08002228 0x08013BEA,0x08000250 0x08004A20,,RCC+0x0,,
0x0800F808,0x0800F854,0x4C,35,0x0800195A 0x0800221A 0x08013BD2,0x08000250 0x0800734C 0x08004BAE,,RCC+0x0,,
0x0800F854,0x0800F880,0x2C,21,0x0800F07E,0x0800FA94,,,,
0x0800F880,0x0800F8AE,0x2E,23,0x08000D3E 0x08000D44,,,,,
0x0800F8AE,0x0800F8DE,0x30,24,0x080078AC,,,,,
0x0800F8DE,0x0800F8F8,0x1A,13,0x0800165E 0x08008482 0x08009250 0x08009364 0x0800A932 0x0800AC74 0x0800B4EA 0x0800C100,,,,,"printf de byte em hex (""%02x"")"
0x0800F8F8,0x0800F920,0x28,20,0x0800044E 0x08000C70 0x08000C86 0x080012C0,,,,0x20000288,
0x0800F920,0x0800FA94,0x174,175,0x0800FF4C 0x0800FF74 0x0800FFCC,0x08000770 0x08000840 0x08000ACC 0x0800060C 0x08000E50 0x08000144,,,,
0x0800FA94,0x08010180,0x6EC,875,0x0800F870,0x080101A0 0x08000144 0x08010180 0x0800F920 0x080000F0,0123456789abcdef | 0123456789ABCDEF,,,
0x08010180,0x080101A0,0x20,16,0x0800FEC8,,,,,
0x080101A0,0x080101E2,0x42,33,0x0800FC6E 0x0800FE36 0x0800FE60 0x080100DE 0x08010100,,,,,
0x080101E2,0x08010238,0x56,38,0x08001424 0x08001536 0x080015E0 0x0800160E 0x08009090 0x080090BE 0x080090F0 0x08009102,0x08011F78 0x080128AC 0x08013C04 0x080131D0,,,,
0x08010238,0x08010392,0x15A,167,0x08001572 0x08009060 0x080090E6 0x08009790,0x080000F0 0x08012DAC 0x0801354C 0x08009238 0x0801387C,,,0x20000124,
0x08010392,0x080103BC,0x2A,19,,0x08009330 0x0801387C,,,,
0x080103BC,0x080103CA,0xE,5,,0x080122C8 0x08012D54,,,,
0x080103CA,0x080103EE,0x24,15,,0x080132B8 0x080122D0,,,,
0x080103EE,0x080103FC,0xE,5,,0x080122E4 0x08012D08,,,,
0x080103FC,0x08010422,0x26,16,,0x08013244 0x080122EC,,,,
0x08010422,0x08010430,0xE,5,,0x08012318 0x08012D08,,,,
0x08010430,0x08010764,0x334,370,,0x08013244 0x08012320 0x08009238 0x0800F06C 0x0800EFE8 0x08012DE4 0x08004852 0x0800EF78 0x08012090 0x08012DAC 0x08000980 0x08000770,"\n\rStop Tx events,Please wait for all c | \n\rStart Tx events\r\n | %.1f  | Use default channel\r\n",,0x20000218 0x20001484 0x200014B4 0x20001518 0x200014C8 0x200014DC 0x2000083C 0x20000147,
0x08010764,0x080107D2,0x6E,51,,0x0801354C 0x08012450 0x0800F06C 0x08012334,%hhu | Attention:Take effect after AT+ADR=0\r\n,,,
0x080107D2,0x080107F6,0x24,15,,0x08013334 0x0801237C,,,,
0x080107F6,0x08010804,0xE,5,,0x08012388 0x08012D54,,,,
0x08010804,0x08010828,0x24,15,,0x080132B8 0x08012390,,,,
0x08010828,0x080108D4,0xAC,77,,0x08009238 0x0801387C 0x0800F06C 0x08009330 0x08012DC8,%c\r\n | Attention:Take effect after ATZ\r\n,,,
0x080108D4,0x08010B32,0x25E,275,,0x0801354C 0x08009330 0x0801387C 0x080123A4 0x0800F06C 0x080123B0 0x08012DAC 0x08003774 0x08003714 0x08004852 0x08009AB8 0x08003B5C,%lu | 0\r\n | 1\r\n | Attention:Take effect after ATZ\r\n,,0x20000124 0x2000014C 0x2000014D 0x2000014E,
0x08010B32,0x08010BD0,0x9E,69,,0x08009238 0x0801387C 0x08012DC8 0x0801354C 0x08009330 0x0800F06C,%lu | Attention:Take effect after ATZ\r\n,,,
0x08010BD0,0x08010D44,0x174,171,,0x0801354C 0x08009330 0x0801387C 0x0800F06C 0x08012DAC 0x08009238 0x08013334,%lu | Attention:Take effect after ATZ\r\n | Mode of range is 1 to 9\r\n | %02x %02x %02x %02x\r\n,,0x2000014B,
0x08010D44,0x08010D58,0x14,8,,0x080123FC 0x08012DAC,,,,
0x08010D58,0x08010DCC,0x74,54,,0x08012408 0x0800F06C 0x08009238 0x08012DAC,Attention:Take effect after ATZ\r\n,,,
0x08010DCC,0x08010DDA,0xE,5,,0x080123E0 0x08012D08,,,,
0x08010DDA,0x08010E00,0x26,16,,0x08013244 0x080123E8,,,,
0x08010E00,0x08010E22,0x22,14,,0x08009238 0x0801387C 0x08012DAC,,,,
0x08010E22,0x08010E4C,0x2A,19,,0x08009330 0x0801387C,,,,
0x08010E4C,0x08010FE8,0x19C,191,,0x08012DAC 0x0801354C 0x0800F06C 0x08009238 0x0801387C 0x08012DC8,%lu | The RJTDC range is 1 to 65535\n\r | The response level range is 0 to 5\n\r | %d:,,0x200000BC 0x200000B1 0x20000124 0x20000ABC,
0x08010FE8,0x0801109C,0xB4,76,,0x0801354C 0x08009330 0x0801387C 0x08009238 0x08012DAC 0x08012DC8,%lu | %hhu,,0x2000014A,
0x0801109C,0x080110E4,0x48,30,,0x0801354C 0x08009330 0x0801387C 0x08009238 0x08012DAC,%lu,,,
0x080110E4,0x0801135C,0x278,292,,0x08009238 0x0801387C 0x0801354C 0x08009330 0x08000266 0x0800F06C 0x08012868 0x08012414 0x08008A38 0x08012DC8 0x08012DAC,"%lu | %d,%lu | %u: | AT+SEND without the application port",,0x200000D4 0x200000D8 0x20000134 0x200000C4,
0x0801135C,0x080113E0,0x84,59,,0x0801354C 0x08009330 0x0801387C 0x0800F06C 0x08009238 0x08012DC8,%hhu | Attention:Take effect after AT+ADR=0\r\n,,,
0x080113E0,0x08011764,0x384,422,,0x0801354C 0x08009330 0x0801387C 0x08012414 0x0800F06C 0x08012420 0x08012300 0x08012DAC 0x0801230C 0x08001B10 0x080123C8 0x08009AB8,"%lu | %d,%d,%d\r\n | %d,%d,%d | %hhu",,0x200000B5 0x200000B6 0x20000144 0x20000145 0x20000146 0x200000BE 0x200000C0 0x200000B2,
0x08011764,0x080118E0,0x17C,178,,0x0801242C 0x08012DAC 0x08000266 0x0801354C 0x0800F06C 0x08012438 0x08012DC8,"%hhx | %d,%d\r\n | %d,%d",,0x20000160 0x200000B7 0x200000B8 0x20000124,AT+RSSI: get
0x080118E0,0x08011A50,0x170,167,0x080134CC,0x0800EE60 0x080071B8 0x0800EE6C 0x08006F14 0x08004852 0x0800F06C 0x08013048 0x08000AA4 0x0801354C 0x080009A8 0x08000840 0x0800060C,v1.8.1  | %0.1f\r\n | %d.%d,,0x20000114 0x20000A0C 0x2000005C,
0x08011A50,0x08011AC4,0x74,48,0x08001888 0x08001CF8,0x08004852 0x080080A8 0x08007F06 0x080009A8 0x08000840 0x08000A68 0x08000972,,,0x20000046,
0x08011AC4,0x08011B8C,0xC8,93,0x0800C06A 0x0800C0BA 0x0800CAB4,0x0800060C 0x08000ACC 0x08000760,,,,
0x08011B8C,0x08011B9C,0x10,8,0x08009994,,,,0x20001864,
0x08011B9C,0x08011BB0,0x14,10,0x08009A2E,,,,0x20001884,
0x08011BB0,0x08011BBC,0xC,6,0x08008A46 0x0800998C 0x08009A24,,,,0x200017A4,
0x08011BBC,0x08011D90,0x1D4,219,0x080099B8,0x0800F8DE 0x08009238 0x08009330 0x0800EFE8 0x0800EE84 0x0800EF54 0x0800EF78 0x08004852 0x080095B8,,,0x200017A4 0x20000270 0x2000083C,
0x08011D90,0x08011E3C,0xAC,83,0x08009B34,0x08009854 0x0800EF78 0x0800910C,,,0x20001884 0x20000270,
0x08011E3C,0x08011EE8,0xAC,81,0x0801329C 0x080132AA 0x080132F2 0x08013300 0x0801335C 0x0801336A,0x08000266 0x080002C4 0x0800F06C,%hhx | AT_PARAM_ERROR(Incorrect Length)\r\n,,,
0x08011EE8,0x08011F5C,0x74,53,0x0800192C,0x080023A4 0x08007058 0x08006F14 0x08004852 0x080138A8,,,0x20000A0C 0x20000047 0x20000119,
0x08011F5C,0x08011F78,0x1C,13,0x08002488 0x08012B78,0x0800F06C,,,,imprime ajuda geral dos comandos AT
0x08011F78,0x08011FFC,0x84,66,0x080101FA 0x08010228,,,,,
0x08011FFC,0x0801203E,0x42,33,0x080128B4,,,,,
0x0801203E,0x08012078,0x3A,29,0x08002AC6,,,,,
0x08012078,0x08012084,0xC,6,0x0800AF88 0x0800B5F8 0x080106CA,,,,0x20000164,
0x08012084,0x08012090,0xC,6,0x080106FA,,,,0x20000164,
0x08012090,0x0801209C,0xC,6,0x08002890 0x0800289A 0x080028DC 0x0800306C 0x0800A0A8 0x0800B6AE 0x0800B6B4 0x0800B8DA,,,,0x20000164,
0x0801209C,0x080120A8,0xC,6,0x080087AC 0x08010676,,,,0x20000164,
0x080120A8,0x08012150,0xA8,82,0x0800825A 0x08008272,0x08003388 0x080030B8,,,0x2000016C 0x2000012A 0x200000C4 0x200000BC 0x2000005C 0x2000012C 0x200000B2 0x200000C0,impressao de configuracao/parametros
0x08012150,0x08012218,0xC8,93,0x0800C154 0x0800CB00,0x0800060C 0x08000ACC 0x08000760,,,,utilitario de configuracao
0x08012218,0x08012264,0x4C,35,0x08012472,0x08003E9C 0x08005248 0x080039B4,,IWDG+0x0 RCC+0x40,0x20000008 0x2000028C,le causa de reset (RCC_CSR/IWDG) e inicializa
0x08012264,0x080122C8,0x64,49,0x080081DC,0x0800F06C,DevEui= %02X %02X %02X %02X %02X %02X %0 | 2X %02X %02X %02X %02X %02X\n\r,,0x2000016C,
0x080122C8,0x080122D0,0x8,4,0x080103BE,,,,0x2000017C,
0x080122D0,0x080122E4,0x14,9,0x080103E6,0x08012868,,,0x2000017C,
0x080122E4,0x080122EC,0x8,4,0x080103F0,,,,0x20000184,
0x080122EC,0x08012300,0x14,9,0x08010418,0x08012868,,,0x20000184,
0x08012300,0x0801230C,0xC,6,0x0800E208 0x080114D6,,,,0x200001AC,get do byte de modo de trabalho (RAM 0x200001B7)
0x0801230C,0x08012318,0xC,6,0x0800879A 0x080114FC,,,,0x200001AC,set do byte de modo de trabalho (RAM 0x200001B7)
0x08012318,0x08012320,0x8,4,0x08010424,,,,0x200001A4,
0x08012320,0x08012334,0x14,9,0x0801044C,0x08012868,,,0x200001A4,
0x08012334,0x0801237C,0x48,34,0x080107CA,0x0800F06C,%02x ,,0x2000016C,"impressao de config (4 bytes + ""AT%s="")"
0x0801237C,0x08012388,0xC,6,0x080107EE,,,,0x2000016C,
0x08012388,0x08012390,0x8,4,0x080107F8,,,,0x2000016E,
0x08012390,0x080123A4,0x14,9,0x08010820,0x08012868,,,0x2000016E,
0x080123A4,0x080123B0,0xC,6,0x080108FE,,,,0x2000016C,
0x080123B0,0x080123C8,0x18,11,0x0801093E,0x08009920,,,0x2000016C,
0x080123C8,0x080123E0,0x18,12,0x0801174A,,,,0x2000016C,
0x080123E0,0x080123E8,0x8,4,0x08010DCE,,,,0x20000194,
0x080123E8,0x080123FC,0x14,9,0x08010DF6,0x08012868,,,0x20000194,
0x080123FC,0x08012408,0xC,6,0x08008168 0x08009B5A 0x08010D46,,,,0x2000016C,
0x08012408,0x08012414,0xC,6,0x080086D2 0x08010D6E,,,,0x2000016C,
0x08012414,0x08012420,0xC,6,0x08008846 0x0800A886 0x0800E8C4 0x080111B8 0x0801127C 0x0801140E 0x08012766,,,,0x200001AC,
0x08012420,0x0801242C,0xC,6,0x08008538 0x08008552 0x0800858A 0x08011496 0x080114A6,,,,0x200001AC,
0x0801242C,0x08012438,0xC,6,0x08011766,,,,0x200001AC,
0x08012438,0x08012444,0xC,6,0x08011852,,,,0x200001AC,
0x08012444,0x08012450,0xC,6,0x0800A0D2,,,,0x200001AC,
0x08012450,0x08012868,0x418,471,0x08008766 0x08010788,0x080052CC 0x0800EC08 0x080029D8 0x08007514 0x0800242C 0x08012218 0x0800EE84 0x0800EF54 0x0800EF78 0x08003AC8 0x080036AC 0x08004852,,GPIOB+0x0,0x200001AC 0x20000864 0x200000E0 0x20000218 0x2000014B 0x2000014C 0x2000014D 0x2000014E,helper: grava byte em RAM 0x200001C0
0x08012868,0x0801287E,0x16,11,0x0800152C 0x080015AA 0x08001604 0x08001618 0x0800162A 0x0800907C 0x08009086 0x080090AA,,,,,memcpy
0x0801287E,0x08012898,0x1A,13,0x0800A9C2 0x0800A9D4,,,,,
0x08012898,0x080128AC,0x14,10,0x0800141A 0x08001540 0x08001552 0x08001562 0x08009056 0x0800906A 0x0800909A 0x080090DC,,,,,memset
0x080128AC,0x08012AC4,0x218,267,0x08010202,0x08011FFC,,,,
0x08012AC4,0x08012B30,0x6C,46,0x080124B4,0x08003AB8 0x08013468 0x080037C4 0x08003774 0x08003714 0x08004852 0x08009AD4,,,0x20000144,"pos-boot: carrega config, inicializa pilha e imprime banner"
0x08012B30,0x08012D08,0x1D8,218,0x0800247E,0x08000290 0x08011F5C 0x0800F06C 0x08000274 0x080036AC 0x08003388,+DEUI | +APPEUI | +APPKEY | +DADDR,,,interpretador de comandos AT (busca na tabela e despacha)
0x08012D08,0x08012D54,0x4C,37,0x080103F4 0x08010428 0x08010DD2,0x0800F06C,x %02x %02x %02x %02x %02x %02x\r\n,,,impressao de bloco de 13 bytes em hex
0x08012D54,0x08012DAC,0x58,43,0x080103C2 0x080107FC,0x0800F06C,%02x %02x %02x %02x %02x %02x %02x %02x\ |  %02x %02x %02x\r\n,,,impressao de bloco de 8 bytes em hex
0x08012DAC,0x08012DC8,0x1C,13,0x0801033A 0x0801038A 0x08010572 0x0801075C 0x0801094E 0x080109EA 0x08010A56 0x08010AC2,0x0800F06C,%d\r\n,,,
0x08012DC8,0x08012DE4,0x1C,13,0x080106CE 0x080108CC 0x08010B4A 0x08010BC8 0x08010FE0 0x08011094 0x080112CE 0x080113D8,0x0800F06C,%u\r\n,,,
0x08012DE4,0x08012E2C,0x48,34,0x080104B2,0x0800F06C 0x08004852,AT%s=,,,
0x08012E2C,0x08012F00,0xD4,100,0x08008170,0x0800F06C,Join Accept:\r\n | Rx1DrOffset:%d\r\n | Rx2Datarate:%d\r\n | ReceiveDelay1:%lu ms\r\n,,0x20000124 0x20001213 0x20001414,impressao de Join Accept (Rx1DrOffset/Rx2Datarate/ReceiveDelay)
0x08012F00,0x08012F3C,0x3C,28,0x08008B22,0x08000250 0x08004A20,,GPIOB+0x0 RCC+0x0,,configura PB5 como saida (trilho 5V)
0x08012F3C,0x08012F88,0x4C,35,0x080017A0 0x08008B90,0x08000250 0x08004A20 0x08004BAE,,GPIOB+0x0 RCC+0x0,,configura PB5 como saida e leva a nivel ALTO
0x08012F88,0x08012FB4,0x2C,21,0x08012FBA,0x080000F0,,,0x20000280,
0x08012FB4,0x08012FCA,0x16,9,0x08002900 0x0800B58E 0x0800BA60,0x08012F88 0x0800011C,,,,
0x08012FCA,0x08013048,0x7E,63,0x080030E4 0x080030FE 0x08003114 0x0800312A 0x0800313C 0x08003AF4 0x08003B0E 0x08003B24,,,,,
0x08013048,0x08013060,0x18,11,0x080081D8 0x080119B0,0x0800F06C,AU915\n\r,,,
0x08013060,0x080130FC,0x9C,70,0x0800CA02,0x08000DD4 0x08000754 0x08000E90 0x08000ACC 0x0800060C,,,,
0x080130FC,0x080131AC,0xB0,86,0x0801256E,0x0800F06C,COUNT1 is %u\r\n | COUNT2 is %u\r\n,,0x20000094 0x2000014B 0x20000218 0x20000124,relatorio de contadores de interrupcao (COUNT1/COUNT2)
0x080131AC,0x080131D0,0x24,17,0x0800846C,0x08012868,,,0x20000ABC 0x20000124,downlink: aplica/valida comando recebido
0x080131D0,0x08013238,0x68,52,0x0801021C,,,,,
0x08013238,0x08013244,0xC,6,0x08008FAA,,,,0x20000280,
0x08013244,0x080132B8,0x74,55,0x08010404 0x08010412 0x08010438 0x08010446 0x08010DE2 0x08010DF0,0x0801354C 0x08011E3C,"""F	I(F",,,
0x080132B8,0x08013334,0x7C,59,0x080103D2 0x080103E0 0x0801080C 0x0801081A,0x0801354C 0x08011E3C,%hhx %hhx %hhx %hhx %hhx %hhx %hhx %hhx,,,
0x08013334,0x080133A0,0x6C,51,0x080107DA 0x080107E8 0x08010D26 0x08010D34,0x0801354C 0x08011E3C,%hhx %hhx %hhx %hhx,,,
0x080133A0,0x08013468,0xC8,100,0x080036B6 0x080036C0 0x080036CC 0x080036D8 0x080036E4 0x080036F0,,,,0x20000144 0x20000CBC,
0x08013468,0x080134A0,0x38,27,0x08012ADE,0x0800044A,v1.8.1,,,
0x080134A0,0x080134B0,0x10,7,0x0800F6EE,0x08006C88,,,0x20000A0C,
0x080134B0,0x0801354C,0x9C,74,0x08001ED8,0x080138EC 0x08004852 0x080118E0 0x080138A8,,,,
0x0801354C,0x08013560,0x14,9,0x0801034E 0x08010642 0x080106DE 0x0801076A 0x080108E0 0x08010962 0x080109FE 0x08010A6A,0x08013560,,,,
0x08013560,0x080137B4,0x254,293,0x08013554,0x08000266 0x0800F8DE 0x080001A4,>>>>j,,,
0x080137B4,0x0801387C,0xC8,89,0x08001CB8,0x0800C7D4 0x080009A8 0x08000770 0x08000840 0x08000754 0x08000AF4,,,0x20000040,
0x0801387C,0x080138A8,0x2C,22,0x0801037E 0x080103B6 0x0801074E 0x08010836 0x0801087C 0x080108C2 0x080108F2 0x08010B40,,,,,
0x080138A8,0x080138EC,0x44,32,0x08006EE6 0x08011F1C 0x080134D0,0x08004A20,,RCC+0x0,,
0x080138EC,0x08013940,0x54,39,0x080023BA 0x080134BA,0x08000250 0x08004A20,,RCC+0x0,,
0x08013940,0x08013974,0x34,24,0x080023B6,0x08006DCC 0x080039B4,,USART1+0x0,0x20000A0C,
0x08013974,0x08013A70,0xFC,109,0x0800F6C4,0x08004BAE 0x08004852 0x0800EE60 0x0800EE6C 0x08004BA4 0x08006766 0x0800677C 0x080009A8 0x08000770 0x08000930 0x08000A68,,GPIOB+0x0,0x20000050 0x200005AC,
0x08013A70,0x08013A80,0x10,7,0x08002A3A,0x0800447C,,,0x2000099C,
0x08013A80,0x08013A90,0x10,7,0x0800B1FE,0x08006C88,,,0x2000099C,
0x08013A90,0x08013ACC,0x3C,28,0x0800F04C,0x08006DCC 0x080039B4,,LPUART1+0x0,0x20000114 0x2000099C,
0x08013ACC,0x08013B2C,0x60,45,0x08006E8C,0x08000250 0x08004A20,,RCC+0x0,,
0x08013B2C,0x08013B58,0x2C,19,0x08002430,0x08006BEC 0x08006BC0 0x08006F14,,,0x20000114 0x2000099C,
0x08013B58,0x08013B6C,0x14,9,0x0800F0CA 0x0800F118,0x08007120,,,0x2000099C,
0x08013B6C,0x08013BC4,0x58,43,0x080018C8 0x080018E2 0x08008C26 0x08008C44 0x08008CC6 0x08008CE4 0x08008CFC 0x08008D14,0x08004EFC,,,0x20000560,UART/console: escrita de string
0x08013BC4,0x08013C04,0x40,23,0x08008642 0x08011A46,0x08004BAE 0x0800F808 0x0800F790 0x08003F50 0x08004852 0x0800F7CC 0x0800F754,,GPIOB+0x0,,
0x08013C04,0x08015AE0,0x1EDC,3920,0x0801020C,0x08706A5C 0x08706A6C 0x08706A7A 0x08C5BE2A 0x089F95C6,ATZ: Trig a reset of the MCU\r\n | +CFS | +RECV | +PORT,,0x20000000 0x2000028C,
